id,created_at,full_text
1428613109824954371,2021-08-20 07:01:22,b'RT @OmarAlghabra: Canadians know that inflation is caused by the pandemic and repeated lockdowns. One of the best ways to deal with inflati\xe2\x80\xa6'
1428554976129732611,2021-08-20 03:10:22,b'Seniors deserve to live in dignity and safety. Personal support staff deserve to be recognized as the heroes that they have proven to be throughout this pandemic. We must improve working and living conditions for both so that Canadians feel confident in the care seniors receive.'
1428554975043411970,2021-08-20 03:10:21,"b'This would mean; \n\n\xf0\x9f\x91\x89Raising minimum wages for care workers to $25/hr\n\xf0\x9f\x91\x89Training up to 50,000 new support workers\n\xf0\x9f\x91\x89Doubling the Home Accessibility Tax Credit\n\xf0\x9f\x91\x89Improving quality and availability in long-term care\n\xf0\x9f\x91\x89Developing a Safe Long Term Care Act'"
1428554973772537860,2021-08-20 03:10:21,"b'Covid-19 has impacted all Canadians, but none more so than seniors and those working in care. Today, we announced that a re-elected Liberal government would move #ForwardForEveryone by investing $9 billion to improve long-term care and support those seniors that need it most.'"
1428502247638396937,2021-08-19 23:40:50,"b""You're invited! \n\nJoin us at our official campaign kick off this Saturday for a hybrid virtual and in-person event - because you know what is best for you! \n\nClick the link below to RSVP \xf0\x9f\x91\x87\n\nhttps://t.co/Hr8sZkFIpE"""
1428490159746551814,2021-08-19 22:52:48,"b""RT @TonyVanBynen: #ICYMI we're committed to working with the provinces and territories &amp; investing in LTC to:\n\n\xe2\x9e\xa1\xef\xb8\x8f guarantee a $25/hr min wa\xe2\x80\xa6"""
1428461322669215746,2021-08-19 20:58:13,"b""RT @JustinTrudeau: Raising kids is expensive. That\xe2\x80\x99s why we're working towards $10 a day child care. Learn more \xe2\xac\x87\xef\xb8\x8f\nhttps://t.co/MEE6HlYjSQ"""
1428396887447535622,2021-08-19 16:42:10,"b'Our campaign office for #Elxn44 is open! \n\nCome visit us in the Westview Shopping Centre at the 2601 Westview Drive, #712, to volunteer, donate, or pick up a lawn sign. https://t.co/hxwBXYRLAw'"
1428095394945277952,2021-08-18 20:44:09,"b""We can't afford a government that does not believe in climate change - we have to continue implementing ambitious and impactful policies that will get us to #NetZero by 2050, ensure a healthy environment for all Canadians, and energize a sustainable and resilient economy."""
1428095394039230465,2021-08-18 20:44:09,"b'We will continue to fight climate change while keeping Canadians safe by; \n\n\xf0\x9f\x91\x89 Hiring 1,000 new firefighters. \n\xf0\x9f\x91\x89 Making homes more resilient to climate change.\n\xf0\x9f\x91\x89 Enhancing wildfire readiness in national parks.\n\xf0\x9f\x91\x89 Innovating climate adaptation strategies.'"
1428095391744987138,2021-08-18 20:44:08,"b""Here in BC, we have felt the impact of our changing climate first hand. That's why @JustinTrudeau announced a $500 million investment before the next fire season for the new firefighters, waterbombers, and equipment that provinces urgently need. https://t.co/pouij9FWR7"""
1428079493378367489,2021-08-18 19:40:58,"b'RT @JustinTrudeau: We\xe2\x80\x99re in a climate emergency, and we cannot wait to act. Today we\xe2\x80\x99re announcing our plan to fight the climate crisis and\xe2\x80\xa6'"
1428075037874130949,2021-08-18 19:23:16,"b'RT @IAFFCanada: IAFF supports the @liberal_party commitment of $500M to train 1,000 fire fighters and invest in the equipment needed for wi\xe2\x80\xa6'"
1427782760647729153,2021-08-18 00:01:51,"b""RT @liberal_party: Yesterday, Erin O'Toole revealed his Conservative cuts to child care, climate action, COVID supports, and more. @JustinT\xe2\x80\xa6"""
1427767154816868357,2021-08-17 22:59:50,b'RT @JustinTrudeau: Parents can\xe2\x80\x99t afford to move backwards. \n\nWe can\xe2\x80\x99t afford to have Conservatives take Canada back. \n\nThat\xe2\x80\x99s why we need t\xe2\x80\xa6'
1427704047406968832,2021-08-17 18:49:05,b'RT @cathmckenna: I think parents across the country and especially mothers will have views about having less affordable childcare rather th\xe2\x80\xa6'
1427701146844504064,2021-08-17 18:37:33,"b""We can't let @erinotoole take us backwards. Our @LPCBC team and @cafreeland are keeping Canada moving #ForwardForEveryone by;\n\n\xf0\x9f\x91\x89Taking real climate action. \n\xf0\x9f\x91\x89Continuing the fight against Covid-19.\n\xf0\x9f\x91\x89Making $10 a day childcare a reality. \n\xf0\x9f\x91\x89Building a more prosperous economy. https://t.co/17zF06LbkG"""
1427668379091931141,2021-08-17 16:27:21,b'@davidakin Fully vaxxed as of 2021/06/10!\xf0\x9f\x92\x89#GetVaccinated'
1427482876795252738,2021-08-17 04:10:13,b'RT @liberal_party: Let\xe2\x80\x99s keep working to make things better \xe2\x80\x94 and leave no one behind.\n\n#ForwardForEveryone https://t.co/Fg27JVoNhY'
1427472763267158038,2021-08-17 03:30:02,b'RT @LPCBC: \xf0\x9f\x93\xb1 6\xef\xb8\x8f\xe2\x83\xa31\xef\xb8\x8f\xe2\x83\xa33\xef\xb8\x8f\xe2\x83\xa3 8\xef\xb8\x8f\xe2\x83\xa30\xef\xb8\x8f\xe2\x83\xa31\xef\xb8\x8f\xe2\x83\xa3 8\xef\xb8\x8f\xe2\x83\xa30\xef\xb8\x8f\xe2\x83\xa39\xef\xb8\x8f\xe2\x83\xa36\xef\xb8\x8f\xe2\x83\xa3\n\xc2\xa0\n\xf0\x9f\x86\x95 Want to share your ideas? Hear updates about #LIB2021? Or just want to start a conversati\xe2\x80\xa6'
1427465886948937730,2021-08-17 03:02:43,b'Happy to have ended the first full day of #Elxn44 with my sign team - having my daughter join me for delivery was an added bonus! \n\nVisit https://t.co/g71ys5pjZ1 to get your sign today! https://t.co/ROVfx0Vyh0'
1426607744384184322,2021-08-14 18:12:46,"b'RT @Carolyn_Bennett: Yesterday, we announced mandatory vaccines for all government workers, and for travel on planes and trains.\n \nVaccines\xe2\x80\xa6'"
1426286375121326086,2021-08-13 20:55:45,b'An update on the progress we\xe2\x80\x99re making to protect nature and fight climate change in Canada. @Laurel_BC @AMacGregor4CML https://t.co/FFSxVEtv8p'
1426268787557511170,2021-08-13 19:45:52,b'Learn more: https://t.co/Y9hkXtWsGq'
1426268785854623746,2021-08-13 19:45:51,"b""BC's Central Coast is teeming with life and history. Today, as part of our commitment to protect biodiversity, we've partnered with the Government of BC, the Heiltsuk, Kitasoo/Xai'xais, Nuxalk Nation, and Wuikinuxv Nation, to protect this remarkable place. https://t.co/UGykiFakQI"""
1426268549908246533,2021-08-13 19:44:55,b'Pour en savoir plus : https://t.co/X5YIbLXA2F'
1426268548113051649,2021-08-13 19:44:55,"b""Aujourd'hui, dans le cadre de notre engagement \xc3\xa0 prot\xc3\xa9ger la biodiversit\xc3\xa9, nous travaillons avec le gouvernement de la Colombie-Britannique et les nations Heiltsuk, Kitasoo/Xai'xais, Nuxalk et Wuikinuxv pour prot\xc3\xa9ger la remarquable c\xc3\xb4te centrale de la Colombie-Britannique. https://t.co/sT7XclRatu"""
1426226028935065602,2021-08-13 16:55:57,b'RT @ILInationhood: Healthier communities and healthier lands\xe2\x80\x94Indigenous Guardians &amp; IPCA\xe2\x80\x99s benefit ALL Canadians. We\xe2\x80\x99re glad Canada is supp\xe2\x80\xa6'
1426219751903272963,2021-08-13 16:31:01,b'RT @environmentca: Minister Wilkinson announced up to $340 million to help support a new generation of #Indigenous leaders in #nature #cons\xe2\x80\xa6'
1426219730315186176,2021-08-13 16:30:56,b'RT @environnementca: Le ministre Wilkinson a annonc\xc3\xa9 une aide pouvant atteindre 340 M$ en soutien \xc3\xa0 une nouvelle g\xc3\xa9n\xc3\xa9ration de leaders #aut\xe2\x80\xa6'
1426218019164938248,2021-08-13 16:24:08,b'RT @NatureCanada: Work to Grow bridges the lived experience of racialized youth in nature to Canada\xe2\x80\x99s vast and renowned environmental secto\xe2\x80\xa6'
1426217962390884354,2021-08-13 16:23:54,b'RT @land_guardians: \xe2\x80\x9cOur vision is that every Indigenous nation in Canada that wants a guardian program should be able to have one because\xe2\x80\xa6'
1426215232377139202,2021-08-13 16:13:03,"b""RT @aaronkylie: Great to see Canada's support of #Indigenous-led conservation, with feds giving $173 mil to @land_guardians &amp; $164 mil to c\xe2\x80\xa6"""
1426215136788983812,2021-08-13 16:12:41,b'RT @land_guardians: A big new investment that will get more Guardians on the ground: Canada announced over $173 million in funding for Guar\xe2\x80\xa6'
1426212812523716610,2021-08-13 16:03:26,"b'RT @ILInationhood: ""...this investment is an indication of the federal government\xe2\x80\x99s commitment to supporting Guardians &amp; Indigenous peoples\xe2\x80\xa6'"
1426207149554868227,2021-08-13 15:40:56,b'RT @environnementca: Vous voulez profiter de la nature sur la c\xc3\xb4te Est du Canada? Les oiseaux de rivage migrateurs affluent vers la r\xc3\xa9serve\xe2\x80\xa6'
1426207123973758981,2021-08-13 15:40:50,b'RT @environmentca: Looking to get out into nature on Canada\xe2\x80\x99s East Coast? Migrating shorebirds are flocking to Shepody National Wildlife Ar\xe2\x80\xa6'
1426207073730273280,2021-08-13 15:40:38,"b'RT @IndgLed_Conserv: ""The biggest, most ambitious plans for sustaining lands and communities are coming from Indigenous Nations. By partner\xe2\x80\xa6'"
1426207036010807305,2021-08-13 15:40:29,"b'RT @SoniaLiberal: When we need help, our #firefighters answer the \xf0\x9f\x93\x9e call. That\xe2\x80\x99s why we\xe2\x80\x99ve answered their calls about safety. This week, ou\xe2\x80\xa6'"
1426182506873827331,2021-08-13 14:03:01,"b'RT @IISD_news: Canadians are seeing first-hand the impacts of the #ClimateCrisis. From wildfires to drought to floods, this summer is showi\xe2\x80\xa6'"
1425989766294671360,2021-08-13 01:17:08,"b'Indigenous peoples have been here since time immemorial, and have a deep understanding of the management and conservation of ancestral lands. \n\nThat\xe2\x80\x99s why today, we announced that we\xe2\x80\x99re expanding access to our Indigenous led conservation programs: \n\nhttps://t.co/C1f8l5TspY https://t.co/zLUoMEs8fw'"
1425966864941948928,2021-08-12 23:46:08,"b'RT @DNorthVanFire: Thank you to Minister Jonathan Wilkinson, MP Terry Beech, and the Federal Government for their work to improve safety fo\xe2\x80\xa6'"
1425952503900909571,2021-08-12 22:49:04,b'RT @BernJordanMP: Canada and the Innu Nation have signed an historic agreement that will see more of their community members participate in\xe2\x80\xa6'
1425863409128689664,2021-08-12 16:55:02,"b""Aujourd'hui, c'est la Journ\xc3\xa9e internationale de la jeunesse ! Nous recherchons 10 Canadiens \xc3\xa2g\xc3\xa9s de 18 \xc3\xa0 25 ans pour rejoindre notre Conseil des jeunes sur l'environnement et le changement climatique.\n\nEn savoir plus \xe2\xac\x87\xef\xb8\x8f https://t.co/ecKCwav6yW"""
1425863046640111618,2021-08-12 16:53:36,b'Today is #InternationalYouthDay! And we want young people to have their say on how our country takes on #climatechange. We are looking for Canadians between the ages of 18 and 25 to join our Environment and Climate Change Youth Council. \n\nLearn more \xe2\xac\x87\xef\xb8\x8f https://t.co/mg2oPXmTz6'
1425832221856858123,2021-08-12 14:51:07,"b""RT @FPAC_APFC: Le secteur forestier canadien soutient fermement la strat\xc3\xa9gie nationale d'adaptation: https://t.co/8rlEnOP2xP https://t.co/E\xe2\x80\xa6"""
1425823215209779207,2021-08-12 14:15:19,b'RT @FPAC_APFC: We welcome the opportunity to do our part so that Canada\xe2\x80\x99s #NationalAdaptationStrategy sets clear targets and performance me\xe2\x80\xa6'
1425812605218721792,2021-08-12 13:33:10,"b'RT @AuCanada: Retroussons-nous les manches, Canada! \xf0\x9f\x92\xaa\xf0\x9f\x87\xa8\xf0\x9f\x87\xa6\n\nLes deuxi\xc3\xa8mes doses sont importantes. Elles offrent une protection optimale contre\xe2\x80\xa6'"
1425812595848753153,2021-08-12 13:33:07,"b'RT @Canada: Sleeves up, Canada! \xf0\x9f\x92\xaa\xf0\x9f\x87\xa8\xf0\x9f\x87\xa6\n \nSecond doses are important. They provide optimal protection against #Covid19, as well as variants of\xe2\x80\xa6'"
1425812585950089216,2021-08-12 13:33:05,b'RT @environnementca: C\xe2\x80\x99est la #Journ\xc3\xa9eInternationaleDeLaJeunesse! #SVQ que le #GC cr\xc3\xa9e des emplois pour les jeunes dans le secteur de la te\xe2\x80\xa6'
1425812576651382790,2021-08-12 13:33:03,b'RT @environmentca: It\xe2\x80\x99s #InternationalYouthDay! #DYK that #GoC creates jobs for #youth in the Clean Tech sector? Science Horizons Youth Int\xe2\x80\xa6'
1425804338732183553,2021-08-12 13:00:19,"b'RT @BernJordanMP: Our investment in @Ocean_Networks is an investment in #ClimateAction, Canada\xe2\x80\x99s #BlueEconomy, &amp; our coastal communities.\xe2\x80\xa6'"
1425594905624203272,2021-08-11 23:08:06,"b'Climate change is no longer a future problem, it\xe2\x80\x99s at our doorstep \xe2\x80\x93 and we need to be prepared. Today marks the first milestone in creating our National Adaptation Strategy on #climatechange: \n\nhttps://t.co/tXF9PDvtCg https://t.co/nicui3Gee8'"
1425589240126115840,2021-08-11 22:45:35,b'Une excellente nouvelle pour la biodiversit\xc3\xa9 et le bien-\xc3\xaatre de nos oc\xc3\xa9ans. https://t.co/7XgANW453j'
1425587959865221123,2021-08-11 22:40:30,b'Excellent news for biodiversity and sustainable oceans management in Canada. https://t.co/uhdRnTHprE'
1425570322020020229,2021-08-11 21:30:25,b'RT @JustinTrudeau: Annonc\xc3\xa9 : on a sign\xc3\xa9 la 1re entente pour acc\xc3\xa9l\xc3\xa9rer la mise en place d\xe2\x80\x99un r\xc3\xa9gime universel national d\xe2\x80\x99assurance-m\xc3\xa9dicamen\xe2\x80\xa6'
1425570291430920196,2021-08-11 21:30:17,b'RT @JustinTrudeau: Just announced: We\xe2\x80\x99ve signed the first agreement to accelerate the implementation of national universal pharmacare. This\xe2\x80\xa6'
1425547023500054532,2021-08-11 19:57:50,"b""RT @Ocean_Networks: Great news for Canada's world-leading ocean observing community! Today @FishOceansCan @BernJordanMP announced funding t\xe2\x80\xa6"""
1425546978663018502,2021-08-11 19:57:39,"b""RT @terrybeech: Our gov't is a strong advocate in improving the safety of our firefighters, especially considering the dangers that they fa\xe2\x80\xa6"""
1425538000054747138,2021-08-11 19:21:59,b'Read more on today\xe2\x80\x99s announcement and learn more about our comprehensive plan to protect firefighters: https://t.co/Z1b1k5vqVW https://t.co/vzC0CX8g2O'
1425537993129951234,2021-08-11 19:21:57,"b'Our firefighters protect us when we\xe2\x80\x99re in danger and we need to be there for them as they are for us. Today, I joined PS @TerryBeech to announce our government\xe2\x80\x99s actions to protect firefighters from harmful chemicals. https://t.co/yTfg8Kaf59'"
1425537325769977859,2021-08-11 19:19:18,"b""Pour en savoir plus sur l'annonce d'aujourd'hui et sur notre plan d\xc3\xa9taill\xc3\xa9 visant \xc3\xa0 prot\xc3\xa9ger nos pompiers, cliquez ici: https://t.co/abJUVpyzBZ https://t.co/Qz7DSbKEZ9"""
1425537318077665292,2021-08-11 19:19:16,"b'Nos pompiers nous prot\xc3\xa8gent et nous devons \xc3\xaatre l\xc3\xa0 pour eux comme ils le sont pour nous. Je me joins au d\xc3\xa9put\xc3\xa9 Terry Beech, pour annoncer les mesures de notre gouvernement pour prot\xc3\xa9ger les pompiers contre les produits chimiques nocifs. https://t.co/4Q43tsPqVP'"
1425503225357103107,2021-08-11 17:03:48,b'RT @environmentca: \xf0\x9f\x94\xb4 #LIVE now: Minister Wilkinson discusses Canada\xe2\x80\x99s comprehensive action plan to protect firefighters from harmful chemic\xe2\x80\xa6'
1425477886748856329,2021-08-11 15:23:06,"b'We are in the midst of a climate emergency, and this is how @erinotoole\xe2\x80\x99s conservatives respond. There is no room for climate change denial in this conversation.'"
1425476728613449736,2021-08-11 15:18:30,b'Really? \xf0\x9f\xa4\xa6\xe2\x80\x8d\xe2\x99\x82\xef\xb8\x8f https://t.co/uYNxubLjzS'
1425219619464351748,2021-08-10 22:16:51,"b""En savoir plus sur notre travail avec le Conseil Mushkegowuk pour prot\xc3\xa9ger l'habitat d'esp\xc3\xa8ces comme les b\xc3\xa9lugas et les ours polaires, ainsi que l'une des plus grandes zones humides du monde \xe2\xac\x87\xef\xb8\x8f \xf0\x9f\xa6\xad https://t.co/nrV9NuTaCD"""
1425218924304535561,2021-08-10 22:14:05,"b'More on our work with the Mushkegowuk Council to protect the home of species like beluga whales and polar bears, and one of the largest wetlands in the world \xe2\xac\x87\xef\xb8\x8f \xf0\x9f\xa6\xad https://t.co/rRbvbRuzsu'"
1425212463721684999,2021-08-10 21:48:25,b'RT @ILInationhood: Good news: a historic agreement btwn @Mushkegowuk &amp; the federal government will establish a new National Marine Conserva\xe2\x80\xa6'
1425211790200291333,2021-08-10 21:45:44,"b""RT @cathmckenna: \xe2\x80\x9cToday's announcement is another step forward for smart public transit funding that delivers triple bottom line results: j\xe2\x80\xa6"""
1425210740357619717,2021-08-10 21:41:34,b'RT @cathmckenna: \xc2\xab\xc2\xa0L\xe2\x80\x99annonce d\xe2\x80\x99aujourd\xe2\x80\x99hui constitue une \xc3\xa9tape de plus dans le financement intelligent du transport en commun qui produit u\xe2\x80\xa6'
1425179696959004673,2021-08-10 19:38:12,b'RT @CanadianPM: Climate change is both one of the greatest challenges and one of the greatest economic opportunities of our times. That\xe2\x80\x99s w\xe2\x80\xa6'
1425179660279812106,2021-08-10 19:38:04,b'RT @PMcanadien: Les changements climatiques sont un grand d\xc3\xa9fi et une importante possibilit\xc3\xa9 \xc3\xa9conomique de notre \xc3\xa9poque. Le gouvernement du\xe2\x80\xa6'
1425168394521825284,2021-08-10 18:53:18,b'RT @WWFCanada: Good news for woodland caribou in Jasper National Park. \xf0\x9f\x91\x8f\xf0\x9f\x91\x8f\xf0\x9f\x91\x8f'
1425153300920479746,2021-08-10 17:53:19,"b""Nous soutenons le r\xc3\xa9tablissement du caribou des bois dans le parc national de Jasper. \n\nCes caribous sont un \xc3\xa9l\xc3\xa9ment embl\xc3\xa9matique de notre patrimoine naturel et culturel. \n\nToutes les esp\xc3\xa8ces ont un r\xc3\xb4le essentiel \xc3\xa0 jouer et m\xc3\xa9ritent d'\xc3\xaatre sauv\xc3\xa9es.\n\nhttps://t.co/tu4FFtWgXZ https://t.co/9vs4mrZHdV"""
1425152932471787522,2021-08-10 17:51:51,"b'We\xe2\x80\x99re supporting the recovery of woodland caribou, an endangered species, in Jasper National Park. \n\nThese caribou are an iconic part of our natural and cultural heritage. \n\nAll species, big and small, have a critical role to play and are worth saving. \n\nhttps://t.co/nDsW0AMdFU https://t.co/24MnkiN5Z0'"
1425127890698620934,2021-08-10 16:12:21,"b'RT @TCTrail: Great news @JonathanWNV and @ParksCanada ! #NationalUrbanParks are a wonderful source for nature based tourism, economic devel\xe2\x80\xa6'"
1425114609506209792,2021-08-10 15:19:34,"b'#ICYMI: yesterday, we took a critical step to advance Indigenous-led conservation, nature-based climate change solutions, and the protection of biodiversity in Canada\xe2\x80\x99s north. https://t.co/kBoA5p3wSQ https://t.co/8KgmgCgd48'"
1425104095438852112,2021-08-10 14:37:48,b'RT @JustinTrudeau: Les changements climatiques sont r\xc3\xa9els et touchent toute la Terre. Le Canada se r\xc3\xa9chauffe presque deux fois plus vite qu\xe2\x80\xa6'
1425104066229817344,2021-08-10 14:37:41,"b'RT @JustinTrudeau: Climate change is real, and it\xe2\x80\x99s affecting every region on Earth. Canada is warming at nearly twice the global rate, wit\xe2\x80\xa6'"
1425091801711620103,2021-08-10 13:48:57,b'RT @BernJordanMP: We\xe2\x80\x99re going to protect 25% of Canada\xe2\x80\x99s lands &amp; oceans by 2025. \n\nThe agreement that @JonathanWNV &amp; @Mushkegowuk signed to\xe2\x80\xa6'
1425091367974342664,2021-08-10 13:47:13,b'RT @environmentca: \xf0\x9f\x94\xb4 #LIVE NOW: Minister O\xe2\x80\x99Regan is making a funding announcement with the city of Mount Pearl to reduce carbon emissions a\xe2\x80\xa6'
1425091334118023190,2021-08-10 13:47:05,b'RT @environnementca: \xf0\x9f\x94\xb4 #ENDIRECT MAINTENANT : Le ministre O\xe2\x80\x99Regan fait une annonce de financement avec la Ville de Mount Pearl pour r\xc3\xa9duire\xe2\x80\xa6'
1424850720210173953,2021-08-09 21:50:58,"b'Today, on #IndigenousPeoplesDay, we must acknowledge that Indigenous people have a deep, incredibly valuable understanding of our lands and waters. \n\nWe must empower Indigenous Guardians to shape land management policy, and protect Indigenous cultures. https://t.co/PZbVrCKnHo'"
1424835650092683268,2021-08-09 20:51:05,"b""et \xc3\xa0 apprendre d'eux alors que nous prot\xc3\xa9geons la biodiversit\xc3\xa9 et adoptons des solutions naturelles au changement climatique."""
1424835649128083456,2021-08-09 20:51:05,"b""Les peuples autochtones ont compris et prot\xc3\xa9g\xc3\xa9 ces terres depuis des temps imm\xc3\xa9moriaux. C\xe2\x80\x99est pourquoi cette annonce s'inscrit dans le cadre de notre engagement \xc3\xa0 travailler avec les peuples autochtones \xe2\x80\x94 comme les Mushkegowuk \xe2\x80\x94"""
1424835648167596038,2021-08-09 20:51:05,"b""En plus d'abriter des esp\xc3\xa8ces comme les ours polaires et les b\xc3\xa9lugas, cette aire marine est reli\xc3\xa9e \xc3\xa0 la plus grande zone humide d'Am\xc3\xa9rique du Nord. Appel\xc3\xa9es \xc2\xab terres de respiration \xc2\xbb par les a\xc3\xaen\xc3\xa9s, elles jouent un r\xc3\xb4le essentiel dans le refroidissement de notre plan\xc3\xa8te."""
1424835645818740745,2021-08-09 20:51:04,"b""Je suis aujourd'hui \xc3\xa0 Moosonee pour signer un protocole d'entente avec le Conseil de Mushkegowuk afin d'\xc3\xa9valuer la faisabilit\xc3\xa9 d'une aire marine nationale de conservation dans l'ouest de la baie James et le sud-ouest de la baie d'Hudson. https://t.co/JBgUjxsQc6"""
1424835197292400640,2021-08-09 20:49:17,"b'Indigenous peoples have understood and protected these lands since time immemorial. This announcement is part of our commitment to working with and learning from Indigenous peoples, like the Mushkegowuk, as we protect nature and embrace nature based solutions on climate change.'"
1424835196277374976,2021-08-09 20:49:17,"b'Not only home to iconic species like polar bears and beluga whales, this marine area also connects to the Hudson-James Bay Lowlands -- the largest wetland in North America. Called the \xe2\x80\x9cbreathing lands\xe2\x80\x9d by Elders, they play a vital role in cooling our planet.'"
1424835193777627139,2021-08-09 20:49:17,b'Today I was honoured to be in Moosonee to sign an MOU with the Mushkegowuk Council to assess the feasibility of a National Marine Conservation area in western James Bay and southwestern Hudson Bay. https://t.co/L5S9eYo6dj'
1424804955811090441,2021-08-09 18:49:07,"b'Another exciting development in our plan to build a network of Urban National Parks! \n\nUrban greenspace protects vital biodiversity, keep our communities happy and healthy, and helps us fight climate change \xf0\x9f\x9a\xb4\xf0\x9f\x8c\xb3\xf0\x9f\x90\xa6 https://t.co/rTfw7jWVQb'"
1424799814345117701,2021-08-09 18:28:41,"b""RT @mflalonde: Le rapport d'@IPCC_CH sur le changement climatique publi\xc3\xa9 ajd. est aussi brutal qu'alarmant. Nous devons poursuivre nos effo\xe2\x80\xa6"""
1424799731109220352,2021-08-09 18:28:22,"b""RT @mflalonde: Today's @IPCC_CH report on climate change is as blunt as it is alarming. We need to continue our work to drive down emission\xe2\x80\xa6"""
1424797582140874753,2021-08-09 18:19:49,"b""Le rapport du GIEC d'aujourd'hui ne laisse aucune place au doute, nous devons agir de toute urgence pour \xc3\xa9viter d\xe2\x80\x99un changement climatique catastrophique. \n\nPour en savoir plus sur notre plan pour la transition vers une \xc3\xa9conomie z\xc3\xa9ro \xc3\xa9mission : https://t.co/Fz0j4lAZy8"""
1424795624529137665,2021-08-09 18:12:02,"b'Today\xe2\x80\x99s #IPCC report leaves no room for doubt, we have to act urgently to prevent catastrophic climate change. \n\nLearn more about our plan to get to net-zero emissions, and build a more resilient Canada: https://t.co/DbUJYsUW7Z https://t.co/m6MfPLgE0Z'"
1424778360576692227,2021-08-09 17:03:26,"b'RT @JustinTrudeau: En cette #Journ\xc3\xa9eDesPeuplesAutochtones, nous c\xc3\xa9l\xc3\xa9brons les cultures, les langues et les traditions vivantes et diversifi\xe2\x80\xa6'"
1424778329736032257,2021-08-09 17:03:19,"b'RT @JustinTrudeau: On #IndigenousDay, we celebrate the vibrant and diverse cultures, languages, and traditions of Indigenous peoples here i\xe2\x80\xa6'"
1424686412062986242,2021-08-09 10:58:04,"b'Just as the UN releases this dire report on the state of our climate, Canada\xe2\x80\x99s conservatives say we\xe2\x80\x99re taking too much action. Our way of life depends on us taking this seriously. It\xe2\x80\x99s well past time premier Kenney and the conservatives understand that. \n\nhttps://t.co/D9rTuhdb8f https://t.co/pBoletkivz'"
1424681908408029193,2021-08-09 10:40:10,"b""Le rapport du @IPCC_CH sur les changements climatiques publi\xc3\xa9 aujourd'hui ne m\xc3\xa2che pas ses mots : nous devons agir maintenant. \n\nMa d\xc3\xa9claration : https://t.co/PtvsqLrmMv"""
1424680707859812357,2021-08-09 10:35:24,b'Today\xe2\x80\x99s \xe2\x81\xa6@IPCC_CH\xe2\x81\xa9 report on #climatechange does not mince words: we are running out of time to fix this. \n\nMy statement:  https://t.co/tle3nta1c7'
1424172724545482757,2021-08-08 00:56:52,"b'New investments by the government through the AgriInnovate Program will help farmers enhance efficiency, productivity and ensure that agri-tech companies are well-positioned for the future though innovative technology and improved equipment.'"
1424172719097090049,2021-08-08 00:56:50,b'Great news for North Vancouver and agri-tech companies. An investment of up to $3.9 million has been awarded to Ecoation Innovative Solutions Inc. @EcoationCanada \n\nhttps://t.co/K11i0J7rl7 https://t.co/YuZtH8k90i'
1424047154017054721,2021-08-07 16:37:53,b'RT @Carolyn_Bennett: So great! Minister @JonathanWNV announced the National Urban Park Program to create a network of urban parks across \xf0\x9f\x87\xa8\xf0\x9f\x87\xa6\xe2\x80\xa6'
1424047079891025922,2021-08-07 16:37:36,b'Ma d\xc3\xa9cision relative au projet de mine de charbon Grassy Mountain : https://t.co/HEx6JR8o7R'
1424046881378873348,2021-08-07 16:36:48,b'My decision regarding the Grassy Mountain Coal project: https://t.co/zO67r7ZERy'
1423726085611655170,2021-08-06 19:22:05,b'Investir dans un r\xc3\xa9seau de parcs nationaux est une vision et un plan \xc3\xa0 long terme afin de construire un avenir positif pour la nature et neutre en carbone. \xf0\x9f\x8c\xbf https://t.co/SgtYBkdhdV'
1423711268398043142,2021-08-06 18:23:12,"b""Climate change shouldn't be a partisan issue. It is a science issue. You shouldn't be arguing against the science of climate change. You should be trying to figure out how you actually make progress in a way that's most relevant for your community.\nhttps://t.co/XdxshoTArW"""
1423684551457525763,2021-08-06 16:37:02,"b""What a victory for Canadian women's soccer team, and great goal by Julia Grosso during shootout!! You make Canada and Vancouver so proud! As a father and former soccer coach, this team is an inspiration for my daughters and the next generation of champions. Way to go! https://t.co/UGsLN1lVLG"""
1423672792533413896,2021-08-06 15:50:18,"b""Au G7 du mois dernier, nous avons doubl\xc3\xa9 notre financement climatique, passant de 2,65 milliards $ en 2015 \xc3\xa0 5,3 milliards $ sur cinq ans, pour aider d'autres pays \xc3\xa0 d\xc3\xa9velopper des solutions fond\xc3\xa9es sur la nature, \xc3\xa0 s'adapter aux changements climatiques et \xc3\xa0 \xc3\xaatre plus r\xc3\xa9silients. https://t.co/vC8ThRetbt"""
1423672779522691079,2021-08-06 15:50:15,"b'At last month\xe2\x80\x99s G7, we announced that we\xe2\x80\x99re doubling our climate finance, from $2.65 billion in 2015 to $5.3 billion over five years to help other countries develop nature-based solutions, adapt to climate change and be more resilient. https://t.co/Rs8e0VzXgx'"
1423665755770523652,2021-08-06 15:22:21,"b""RT @CPAWSNAB: We welcome #ParksCanada 's announcement launching a program to build a #NationalUrbanParks Network. \nParks Canada is working\xe2\x80\xa6"""
1423631363442364424,2021-08-06 13:05:41,b'RT @Tim_Bousquet: This is HUGE news! Halifax signs agreement with Ottawa toward national park at Blue Mountain-Birch Cove Lakes https://t.c\xe2\x80\xa6'
1423617948456001541,2021-08-06 12:12:23,b'RT @LindaDuncanAB: Congrats @Meewasin &amp; Saskatoon signing MOU with @ParksCanada for Urban National Park development Thx @JonathanWNV for th\xe2\x80\xa6'
1423617741240549376,2021-08-06 12:11:33,"b""RT @faisal_moola: I'm overjoyed @JonathanWNV announcement of $130 million to create network urban National Parks in\xf0\x9f\x87\xa8\xf0\x9f\x87\xa6. Urban areas too ofte\xe2\x80\xa6"""
1423422954411544581,2021-08-05 23:17:32,"b'To fight climate change, Canada and the US need to work together. Thanks @ClimateEnvoy for a productive discussion, I look forward to working together to safeguard our economies and our planet. https://t.co/rTBmWveY2l https://t.co/BpVCRDm2h2'"
1423411246905368579,2021-08-05 22:31:01,"b'RT @IISD_news: Today, Canada \xf0\x9f\x87\xa8\xf0\x9f\x87\xa6 launched consultations on border carbon adjustments. Says @JonathanWNV: ""#BCAs have the potential to help C\xe2\x80\xa6'"
1423410724999680007,2021-08-05 22:28:57,"b'A very happy birthday to my good friend and amazing colleague @cathmckenna! \xf0\x9f\x8e\x8a \xf0\x9f\x8e\x89\nThank you for your fearless, dedicated work to help Canada and the world achieve our climate change goals. https://t.co/F0yaCYKfsu'"
1423387349145227264,2021-08-05 20:56:03,b'Le Canada d\xc3\xa9montre du leadership en fixant un prix ambitieux sur le carbone. Nous lan\xc3\xa7ons cet automne des consultations sur les ajustements \xc3\xa0 la fronti\xc3\xa8re pour le carbone afin de favoriser un march\xc3\xa9 \xc3\xa9quitable et concurrentielle pour les produits canadiens.\nhttps://t.co/sVnfc9WMCe'
1423387282225213448,2021-08-05 20:55:47,"b""Canada is showing global leadership by committing to an ambitious, effective price on carbon. We're launching consultations on border carbon adjustments this fall to keep the global playing field for Canadian goods fair and competitive.\nhttps://t.co/O6Tmftui2I"""
1423346358958895107,2021-08-05 18:13:11,"b'.@TheForks se met \xc3\xa0 la g\xc3\xa9othermie! Nous investissons des sommes historiques dans les innovations en mati\xc3\xa8re de technologies \xc3\xa0 faible \xc3\xa9mission de carbone, car elles aideront les communaut\xc3\xa9s de tout le pays \xc3\xa0 r\xc3\xa9duire leurs \xc3\xa9missions et \xc3\xa0 cr\xc3\xa9er des emplois de qualit\xc3\xa9. https://t.co/MCnPYRCzqL'"
1423346097955692549,2021-08-05 18:12:08,"b"".@TheForks is going geothermal! We're investing historic amounts in innovations in low carbon technology because they will help communities across the country reduce their emissions and create quality jobs. https://t.co/P0KBCaumce"""
1423303772974067718,2021-08-05 15:23:57,"b""Nous sommes engag\xc3\xa9s \xc3\xa0 mieux prot\xc3\xa9ger la sant\xc3\xa9 des Canadiens et leur environnement en renfor\xc3\xa7ant la LCPE et en examinant certaines dispositions de la Loi sur les produits antiparasitaires pour accro\xc3\xaetre la transparence quant \xc3\xa0 l'utilisation des pesticides.\nhttps://t.co/BGgqp8q3o4"""
1423303759518633987,2021-08-05 15:23:54,"b""We committed to enhancing the protection of Canadians' health and the environment by strengthening CEPA, and now to further action by reviewing specific provisions of the PCPA to enhance the transparency of decision-making on the use of pesticides.\nhttps://t.co/dfrNJudb0O"""
1423293818497945605,2021-08-05 14:44:24,b'RT @NCC_CNC: Bravo @environnementca pour la cr\xc3\xa9ation du Programme de parcs urbains nationaux. Passer du temps dans la nature a d\xe2\x80\x99innombrabl\xe2\x80\xa6'
1423293807240437775,2021-08-05 14:44:21,b'RT @NCC_CNC: Kudos to @environmentca for the creation of the National Urban Parks Program. The benefits of spending time in nature are many\xe2\x80\xa6'
1423284544954716168,2021-08-05 14:07:33,"b'RT @MajidJowhari: Yesterday, Minister @JonathanWNV announced a new program to support the creation of a network of national urban parks! Th\xe2\x80\xa6'"
1423277411077079042,2021-08-05 13:39:12,b'Investing in a network of national parks is a down payment on a long term vision and plan to build a nature-positive and carbon-neutral future.\nhttps://t.co/btFrbZCLRP'
1423274767851954179,2021-08-05 13:28:42,"b'We want something that will create additional opportunities for folks to interact with nature, that will create opportunities to protect some of the biodiversity that exists near urban centres, and also opportunities for tourism.\nhttps://t.co/Zg25fPiz11'"
1423268093221130241,2021-08-05 13:02:11,"b'The National Urban Parks Program will be supported by Budget 2021\xe2\x80\x99s historic investment of $2.3 billion in Canada\xe2\x80\x99s Nature Legacy to address the biodiversity crisis, protect nature and create jobs in nature conservation.\nhttps://t.co/JHGuPubD99'"
1423264964001816576,2021-08-05 12:49:45,"b'""Parks Canada and the Meewasin Valley Authority have signed a statement of collaboration to explore the potential for a national urban park in the Meewasin Valley.""\nhttps://t.co/BbpE80VXuu'"
1423262779910369293,2021-08-05 12:41:04,"b""RT @SierraClubCan: We applaud @JonathanWNV's announcement of a network of national urban #parks, including a potential park in the greater\xe2\x80\xa6"""
1423253316839124993,2021-08-05 12:03:28,b'RT @cityofcolwood: Very excited that #Colwood sites may be considered by @ParksCanada for an Urban Park in our community. We\xe2\x9d\xa4\xef\xb8\x8f parks and th\xe2\x80\xa6'
1423048442381733888,2021-08-04 22:29:22,"b'RT @JustinTrudeau: On peut prot\xc3\xa9ger l\xe2\x80\x99environnement, cr\xc3\xa9er des emplois et faire cro\xc3\xaetre notre \xc3\xa9conomie en m\xc3\xaame temps. L\xe2\x80\x99investissement de l\xe2\x80\xa6'"
1423048415940956166,2021-08-04 22:29:15,"b'RT @JustinTrudeau: We can protect the environment, create jobs for people, and grow our economy at the same time. Last week\xe2\x80\x99s investment in\xe2\x80\xa6'"
1423031868694450181,2021-08-04 21:23:30,b'RT @cathmckenna: An amazing initiative! \n\nOver 70% of Canadians live in urban areas where access to nature can be limited. A new network of\xe2\x80\xa6'
1423024172863733768,2021-08-04 20:52:55,"b""Je suis fier de travailler avec nos partenaires, de Parcs Canada aux municipalit\xc3\xa9s, en passant par les experts en conservation et les peuples autochtones, pour \xc3\xa9tablir ces nouveaux espaces et s'assurer que tous les Canadiens aient acc\xc3\xa8s \xc3\xa0 la nature. \nhttps://t.co/cE9cQoyQbp https://t.co/ordaBt7ZQ3"""
1423024168816230405,2021-08-04 20:52:55,"b""Le Programme des parcs urbains nationaux contribuera \xc3\xa0 l'engagement du Canada \xc3\xa0 conserver 25% des terres et des eaux int\xc3\xa9rieures et 25% des zones marines et c\xc3\xb4ti\xc3\xa8res d'ici 2025."""
1423024167536971782,2021-08-04 20:52:54,"b""La derni\xc3\xa8re ann\xc3\xa9e et demie nous a rappel\xc3\xa9 \xc3\xa0 quel point l'acc\xc3\xa8s \xc3\xa0 la nature est important pour notre sant\xc3\xa9 et notre bien-\xc3\xaatre, mais nous savons aussi que l'expansion des espaces verts urbains nous aide \xc3\xa0 lutter contre les changements climatiques."""
1423024165548855299,2021-08-04 20:52:54,"b""Aujourd'hui, nous avons lanc\xc3\xa9 le Programme national des parcs urbains du Canada, afin de cr\xc3\xa9er et de pr\xc3\xa9server davantage d'espaces verts, l\xc3\xa0 o\xc3\xb9 la majorit\xc3\xa9 d'entre nous vivent, travaillent et se divertissent. https://t.co/YBaCms9vAe"""
1423023457047126016,2021-08-04 20:50:05,"b'I am proud to work with our partners, from Parks Canada, to municipalities, to conservation experts, to indigenous peoples to establish these new spaces to make sure all Canadians can access the ample benefits of access to nature. #NatureForAll\nhttps://t.co/SPr8TB3Rm2 https://t.co/jBpNWO6BTd'"
1423023452647301123,2021-08-04 20:50:04,b'The National Urban Parks Program will contribute to Canada\xe2\x80\x99s commitment to conserve 25% of land and inland waters and 25% of marine and coastal areas by 2025.'
1423023451166674955,2021-08-04 20:50:03,"b'This past year and a half reminded us just how important access to nature is for our health and well-being, but we also know that expanding urban green space helps us fight climate change, mitigate extreme weather events, and protect biodiversity. \xf0\x9f\x8c\xbf'"
1423023448889122823,2021-08-04 20:50:03,"b'Today, we launched Canada\xe2\x80\x99s National Urban Parks Program, to create and preserve more green space where the majority of us live, work, and play. https://t.co/uOxwLHydvc'"
1423020920474587140,2021-08-04 20:40:00,"b'RT @SoniaLiberal: Bramptonians \xe2\x9d\xa4\xef\xb8\x8f love our green spaces. Under the shade of beautiful trees \xf0\x9f\x8c\xb3, we use Brampton parks as community hubs &amp; pl\xe2\x80\xa6'"
1423020845912494080,2021-08-04 20:39:42,b'RT @Irek_K: Big news #WindsorEssex! Today Minister @JonathanWNV announced the creation of a National Urban Parks Program empowering @ParksC\xe2\x80\xa6'
1423020742963339266,2021-08-04 20:39:18,b'RT @HUBnorthshore: Very good to see federal leadership on cycling and other active transportation! \nhttps://t.co/wMwJbNr2eE'
1422998632618418176,2021-08-04 19:11:26,b'\xf0\x9f\x94\xb4 Live Now. Tune in! #NatureForAll \n\n\xf0\x9f\x94\xb4 En direct maintenant. Branchez-vous! #NaturePourTous\n\n\xe2\x9e\xa1\xef\xb8\x8f https://t.co/nGg5i6j2Vz https://t.co/GvLbGtS0fW'
1422991689405325324,2021-08-04 18:43:51,"b'In a few minutes, I\xe2\x80\x99m making an important announcement about the development of new national parks across the county. \n//\nDans quelques minutes, je ferai une annonce importante concernant le d\xc3\xa9veloppement de nouveaux parcs nationaux au pays.\n\nWatch here: https://t.co/nGg5i6j2Vz https://t.co/cFXGkfmgw0'"
1422968469671325699,2021-08-04 17:11:35,"b'RT @MSidhuLiberal: On behalf of Minister @SeamusORegan , I was happy to join my colleagues to announce $ 1.28 million to the City of Brampt\xe2\x80\xa6'"
1422931546059722754,2021-08-04 14:44:52,"b""Nature is one of the most important tools we have in the fight against biodiversity loss and climate change. We are protecting Ontario's forests and wetlands because they are critical to our health, our economy and our planet.\n@MarkGerretsen\nhttps://t.co/YFUb5JZ09z"""
1422549322105856009,2021-08-03 13:26:02,"b'More and more, we are beginning to understand just how important protecting nature is to sustaining our way of life and the health of our communities. We are protecting our grasslands and wetlands to secure key food supplies and fight climate change.\nhttps://t.co/IYWEQXDUa3'"
1422322150615117824,2021-08-02 22:23:20,"b'There\xe2\x80\x99s a reason why we\xe2\x80\x99re known as Beautiful British Columbia. \n\nFrom my family to yours, have a happy, safe #BCDay! https://t.co/soilP84OqX'"
1421925506224738306,2021-08-01 20:07:13,"b'RT @liberal_party: Happy Pride, Vancouver \xf0\x9f\x8f\xb3\xef\xb8\x8f\xe2\x80\x8d\xf0\x9f\x8c\x88\xf0\x9f\x8f\xb3\xef\xb8\x8f\xe2\x80\x8d\xe2\x9a\xa7\xef\xb8\x8f https://t.co/FEnAvGr0W0'"
1421886446051418113,2021-08-01 17:32:00,"b'Je suis heureux de codiriger ces travaux qui contribueront grandement \xc3\xa0 assurer la transparence et \xc3\xa0 renforcer la confiance, \xc3\xa0 l\xe2\x80\x99approche de la #COP26, o\xc3\xb9 il est essentiel que tous les pays renforcent leurs ambitions climatiques. Pour en savoir plus \xe2\xac\x87\xef\xb8\x8f\nhttps://t.co/ZSiJ28Q7QM'"
1421886444675768322,2021-08-01 17:32:00,"b""C'est pourquoi l'\xf0\x9f\x87\xa9\xf0\x9f\x87\xaa et le \xf0\x9f\x87\xa8\xf0\x9f\x87\xa6 ont \xc3\xa9t\xc3\xa9 choisis par le \xf0\x9f\x87\xac\xf0\x9f\x87\xa7 pour mener la charge de mobiliser 100 milliards de capitaux mondiaux afin que chaque pays puisse r\xc3\xa9duire ses \xc3\xa9missions et \xc3\xaatre plus r\xc3\xa9silient face \xc3\xa0 la crise climatique. @karinagould \nhttps://t.co/vW9Nacx8EH"""
1421886443123847175,2021-08-01 17:32:00,"b'Pour renverser les changements climatiques, il faut un effort collectif mondial, comme l\xe2\x80\x99urgence collective d\xc3\xa9montr\xc3\xa9e face \xc3\xa0 la pand\xc3\xa9mie. Les pays en d\xc3\xa9veloppement sont souvent les plus touch\xc3\xa9s, mais pas n\xc3\xa9cessairement en mesure d\xe2\x80\x99att\xc3\xa9nuer les impacts des changements climatiques.'"
1421886391169003529,2021-08-01 17:31:47,"b'I am pleased to be co-leading this work which will be an important part of ensuring transparency and building trust as we head into #COP26, where it is critical that all countries increase their climate ambition. Learn more \xe2\xac\x87\xef\xb8\x8f\nhttps://t.co/Uzz8aU7RWa'"
1421886389742981129,2021-08-01 17:31:47,b'That\xe2\x80\x99s why \xf0\x9f\x87\xa9\xf0\x9f\x87\xaa and \xf0\x9f\x87\xa8\xf0\x9f\x87\xa6 have been selected by the \xf0\x9f\x87\xac\xf0\x9f\x87\xa7 to lead the charge of harnessing 100 billion in global capital to ensure every country is able to reduce their emissions and be more resilient in the face of the climate crisis. @karinagould \nhttps://t.co/vW9Nacx8EH'
1421886388144951300,2021-08-01 17:31:46,"b'Climate change requires a collective global effort to reverse, and like the pandemic, demands urgency, collective action and global cooperation. While developing nations are often hit the hardest by climate change, they\xe2\x80\x99re not always in the best position to mitigate it.'"
1421882963646631936,2021-08-01 17:18:10,"b""RT @TeamCanada: \xe2\x9c\xa8  PENNY OLEKSIAK MAKES HISTORY (again) \xe2\x9c\xa8\n\nAfter winning \xf0\x9f\xa5\x89 in the 4x100m medley relay, Penny Oleksiak is now #TeamCanada's\xe2\x80\xa6"""
1421537413101457408,2021-07-31 18:25:04,b'RT @TurnbullWhitby: Agreed!  The Net Zero Accelerator Fund is fuelling innovation toward a sustainable economy! #cdnpoli https://t.co/CYHaZ\xe2\x80\xa6'
1421203978017284099,2021-07-30 20:20:07,"b""RT @FilomenaTassi: Ceux qui connaissent #HamOnt savent que nous sommes la \xc2\xab Steel City \xc2\xbb du Canada ! J'ai \xc3\xa9t\xc3\xa9 ravie de rejoindre @FP_Champa\xe2\x80\xa6"""
1421203947310694403,2021-07-30 20:20:00,b'RT @FilomenaTassi: Those who know #HamOnt know that we\xe2\x80\x99re Canada\xe2\x80\x99s \xe2\x80\x9cSteel City\xe2\x80\x9d - today is a historic day for us! I was thrilled to join @F\xe2\x80\xa6'
1421203745543753733,2021-07-30 20:19:12,b'RT @BayArea_Climate: This announcement is a huge win for #HamOnt \xf0\x9f\x99\x8c\xf0\x9f\x99\x8c\nThank you @FilomenaTassi @FP_Champagne and @cafreeland for supporting #\xe2\x80\xa6'
1421203570364502018,2021-07-30 20:18:30,b'RT @HamiltonsMayor: Today is a great day for steel workers in Hamilton and a great day for the environment.\n\nThe federal government is inve\xe2\x80\xa6'
1421203471974420484,2021-07-30 20:18:07,b'Building and securing Canada\xe2\x80\x99s clean industrial advantage is a critical part of our climate plan for a healthy environment and a healthy economy. @FP_Champagne @FilomenaTassi @cafreeland \nhttps://t.co/ZRX2OBvzEh'
1421199940651454467,2021-07-30 20:04:05,b'RT @FP_Champagne: Notre investissement dans @ArcelorMittal_D combin\xc3\xa9 \xc3\xa0 notre r\xc3\xa9cent projet annonc\xc3\xa9 avec @AlgomaSteelInc signifient\xc2\xa0:\n\n\xf0\x9f\x8c\xb1 R\xc3\xa9d\xe2\x80\xa6'
1421199799647416326,2021-07-30 20:03:31,"b""RT @FP_Champagne: Today's investment in @ArcelorMittal_D combined with our recent project announced with @AlgomaSteelInc means:\n\n\xf0\x9f\x8c\xb1 Reducing\xe2\x80\xa6"""
1421194773856235525,2021-07-30 19:43:33,"b""RT @Catherine_CSPA: Congratulations to @ArcelorMittal_D on today's exciting carbon announcement to transform their #HamOnt plant.  Canada's\xe2\x80\xa6"""
1421178488455933953,2021-07-30 18:38:50,"b""Pour en savoir plus sur cet investissement destin\xc3\xa9 \xc3\xa0 soutenir un projet qui contribuera de mani\xc3\xa8re significative \xc3\xa0 l'atteinte des objectifs climatiques du Canada et \xc3\xa0 la croissance verte : https://t.co/Mt2RFs1kpr"""
1421178487193411588,2021-07-30 18:38:50,"b""L'investissement d'aujourd'hui par @cafreeland, @FP_Champagne et @FilomenaTassi dans @ArcelorMittal_D, ainsi que notre annonce pour Algoma Steel, permettront de r\xc3\xa9duire les \xc3\xa9missions \xc3\xa9quivalentes au retrait de la circulation de tous les v\xc3\xa9hicules \xc3\xa0 Toronto, Montr\xc3\xa9al et Vancouver."""
1421178485817675776,2021-07-30 18:38:49,"b""L'avenir de l'\xc3\xa9conomie canadienne est faible en carbone. Nous avons cr\xc3\xa9\xc3\xa9 le fonds Acc\xc3\xa9l\xc3\xa9rateur net z\xc3\xa9ro, car nous savons que pour cr\xc3\xa9er de bons emplois, rester comp\xc3\xa9titif et lutter contre les changements climatiques, nous devons nous adapter et soutenir des proc\xc3\xa9d\xc3\xa9s innovants. https://t.co/dqFjyWZbRm"""
1421177991263047680,2021-07-30 18:36:51,b'Learn more on this investment to support a project that will make a significant contribution toward Canada\xe2\x80\x99s achieving its climate goals and support green growth: https://t.co/nwefZOkD8k'
1421177990206140424,2021-07-30 18:36:51,"b'Today\xe2\x80\x99s investment by @cafreeland, @FP_Champagne and @FilomenaTassi in @ArcelorMittal_D, together with our Algoma Steel announcement, will reduce emissions roughly equivalent to taking all of the passenger vehicles in Toronto, Montr\xc3\xa9al, and Vancouver combined off the road.'"
1421177988767440912,2021-07-30 18:36:51,"b'The future of Canada\xe2\x80\x99s economy is low-carbon. We set up the Net Zero accelerator fund, because we know that creating good jobs, staying competitive and fighting climate change requires us to adapt and support innovative ways of doing things. https://t.co/XrTI88BNPI'"
1421168263388663814,2021-07-30 17:58:12,"b'RT @BernJordanMP: You can drive from St. John\xe2\x80\x99s, NL to Victoria, BC in an #ElectricVehicle because \xe2\xa4\xb5\xef\xb8\x8f\n\n\xe2\x9c\x85NEW Charging stations across \xf0\x9f\x87\xa8\xf0\x9f\x87\xa6\n\n\xe2\x9c\x85$\xe2\x80\xa6'"
1421153598277394445,2021-07-30 16:59:56,"b'RT @fsorbara: During #EVWeekinCanada, we announced +$32M to install 853 #EVchargers across \xf0\x9f\x87\xa8\xf0\x9f\x87\xa6. These historic investments are making #Elect\xe2\x80\xa6'"
1421151793019559946,2021-07-30 16:52:45,b'RT @TurnbullWhitby: Feds announce $400M to cut greenhouse gas emissions at ArcelorMittal Dofasco.  \n\nThis investment is part of a project t\xe2\x80\xa6'
1421151161793527816,2021-07-30 16:50:15,b'RT @CSPA_ACPA: The @CSPA_ACPA celebrates today\xe2\x80\x99s announcement of a new and exciting partnership between the Government of Canada and @Arcel\xe2\x80\xa6'
1421134927773540357,2021-07-30 15:45:44,"b'Using cleaner fuels like hydrogen can help us shape the future of our transit system from trucks to buses to planes, and is one of the biggest steps we can take to reduce emissions and make our economy cleaner and more competitive while creating good jobs.\nhttps://t.co/aMWgZomhog'"
1420773577448624129,2021-07-29 15:49:52,"b'RT @OmarAlghabra: The transition to a low-carbon economy starts now, and it starts with making the shift to zero-emission vehicles! Learn m\xe2\x80\xa6'"
1420773564572110863,2021-07-29 15:49:49,"b'RT @OmarAlghabra: La transition vers une \xc3\xa9conomie sobre en carbone commence maintenant, et elle commence par le passage \xc3\xa0 des v\xc3\xa9hicules z\xc3\xa9r\xe2\x80\xa6'"
1420749956747567104,2021-07-29 14:16:00,"b""Nous faisons en sorte qu'il soit plus facile et plus abordable pour les Canadiens d'acheter une voiture z\xc3\xa9ro \xc3\xa9mission en leur accordant un rabais de 5 000 $ \xc3\xa0 l'achat. Voici quelques informations sur les programmes en place: https://t.co/hymISMY0sj https://t.co/fXE9T7FITC"""
1420749890360156161,2021-07-29 14:15:44,"b""We\xe2\x80\x99re making it easier and more affordable for Canadians to purchase a zero-emission car by giving them $5,000 when buying one. Here's what you need to know from Canada's Incentives for Zero-Emission Vehicles program: https://t.co/2OgD5bLLqO https://t.co/LAvIj20BW2"""
1420719574870368267,2021-07-29 12:15:16,"b'Hier, nous avons lanc\xc3\xa9 la toute premi\xc3\xa8re strat\xc3\xa9gie de transport actif f\xc3\xa9d\xc3\xa9rale et le fonds d\xc3\xa9di\xc3\xa9 \xc3\xa0 la construction de pistes et de sentiers, ce qui cr\xc3\xa9era des collectivit\xc3\xa9s solides et offrira une meilleure qualit\xc3\xa9 de vie \xc3\xa0 tous les Canadiens pour les g\xc3\xa9n\xc3\xa9rations \xc3\xa0 venir. https://t.co/wWBTm3i20y'"
1420719459774476293,2021-07-29 12:14:49,"b""Yesterday we launched Canada's first-ever federal strategy and fund dedicated to building active transportation trails and pathways that will build strong communities across the country and deliver a better quality of life for all Canadians now and for generations to come. https://t.co/aFDxbTfAmM"""
1420463005540704259,2021-07-28 19:15:46,b'RT @conont: #NaturalChampions #ConservationMatters #75YearsOfConservation https://t.co/bRf770FoYD'
1420461577355026439,2021-07-28 19:10:05,"b""Nous avons fait ce qui \xc3\xa9tait n\xc3\xa9cessaire pour relever les grands d\xc3\xa9fis de notre temps : aider les Canadiens \xc3\xa0 vivre et agir avec urgence pour lutter contre les changements climatiques. @erinotoole et Stephen Harper sont clairs, le @PCC_HQ n'aurait pas fait la m\xc3\xaame chose pour vous. https://t.co/Or6LoCLZAQ"""
1420461264535425026,2021-07-28 19:08:51,"b'We have been doing everything that\xe2\x80\x99s necessary to take on the major challenges of our time; helping Canadians stay afloat and taking urgent action on climate change. @erinotoole and Stephen Harper have made it clear, @CPC_HQ would not have done the same for you. https://t.co/RmyE7jQmWz'"
1420426002556231681,2021-07-28 16:48:43,"b'Tr\xc3\xa8s heureux de voir mes coll\xc3\xa8gues @_DebSchulte et @TonyVanBynen annoncer 9 M$ pour conserver la nature dans le sud de l\xe2\x80\x99Ontario, ce qui rendra nos communaut\xc3\xa9s plus r\xc3\xa9silientes, luttera contre les changements climatiques et soutiendra notre biodiversit\xc3\xa9.\xf0\x9f\x8c\xbf\nhttps://t.co/SS9Dxy9shF https://t.co/SK7VxYTzhB'"
1420425940807659521,2021-07-28 16:48:29,"b'Great to see my colleagues @_DebSchulte and @TonyVanBynen announcing $9 million for nature conservation across southern Ontario that will make our communities more resilient, fight climate change, and support our crucial biodiversity. \xf0\x9f\x8c\xbf\nhttps://t.co/pmf1Ylo0x9 https://t.co/aBVGDoRvVF'"
1420406322370121728,2021-07-28 15:30:31,"b'RT @TimLouisKitCon: DYK you can drive from St. John\xe2\x80\x99s, NL to Victoria, BC in an #EV? Making green technologies accessible is important to f\xe2\x80\xa6'"
1420406206120841217,2021-07-28 15:30:04,"b'RT @IISD_Pres: This is critical work, supporting developing countries mitigate and adapt to climate change. Thanks and congrats to Canadian\xe2\x80\xa6'"
1420377865154093057,2021-07-28 13:37:27,"b""Le monde entier nous d\xc3\xa9montre qu'une \xc3\xa9conomie plus propre cro\xc3\xaet plus rapidement, est plus forte et cr\xc3\xa9e de bons emplois. Tr\xc3\xa8s heureux de voir @FP_Champagne rencontrer l'entreprise de Burnaby et leader mondial de la capture du carbone, @svantesolutions. https://t.co/3attpmwzDq"""
1420377847147995139,2021-07-28 13:37:22,b'The world is showing us that a cleaner economy is a stronger and faster economy that will create good jobs. Great to see @FP_Champagne meeting with Burnaby-based and world leader in carbon capture @svantesolutions. https://t.co/l6Qy0YH4iU'
1420155380932489221,2021-07-27 22:53:22,"b""Nous travaillons fort pour faire en sorte que tous les Canadiens qui souhaitent se procurer un v\xc3\xa9hicule \xc3\xa9lectrique puissent en obtenir un, et se d\xc3\xa9placer \xc3\xa0 l'endroit o\xc3\xb9 ils doivent aller.\n#SemaineCanadienneduVE https://t.co/aayaWgtqBp"""
1420155364033667084,2021-07-27 22:53:18,"b'We\xe2\x80\x99re working hard to make sure that any Canadian who wants an EV can get one, and get where they need to go. #EVWeekinCanada https://t.co/KhC10btokL'"
1420114267089653761,2021-07-27 20:10:00,b'RT @sabrinagrover: Canada is playing an important role with our #G7 partners on advancing #climateaction globally. Financing for #COP and #\xe2\x80\xa6'
1420113946426609664,2021-07-27 20:08:43,"b'RT @SeamusORegan: DYK we\xe2\x80\x99ve made it easier than ever to drive electric in \xf0\x9f\x87\xa8\xf0\x9f\x87\xa6?\n\n\xf0\x9f\x94\x8c17,000+ charging stations across the country - with more to\xe2\x80\xa6'"
